version,profile,seed,valid,error,hash,rooms,connections,shortest_boss_path,max_distance,mean_degree,dead_end_ratio,loops
"5.10.0",Facility,1,True,"",51dcbc7c93a8d8b44496384dfecc6ecfd836c7ab4df6aa0c59841b9e0874d27b,24,23,15,16,1.917,0.333,0
"5.10.0",Facility,2,True,"",28cc6febf00c87c6e287ee15e8b6d1e78a685ae534138d69e3f6ff9b26a5467b,24,23,15,16,1.917,0.250,0
"5.10.0",Facility,3,True,"",344e6889cf4a095599c862c62899fdfdeb91219e3acf7304423ca56901934a80,24,23,15,15,1.917,0.375,0
"5.10.0",Facility,4,True,"",45a1ba939122be9b48fa496f664ee84dd17b345e680a7f89f52ec999085008af,24,23,15,15,1.917,0.375,0
"5.10.0",Facility,5,True,"",00a1c0e299655521bcf9c64d19e90fb95620a623dc560158edc9fa27880847e4,24,23,15,16,1.917,0.292,0
"5.10.0",Facility,6,True,"",2c5cad1494cdf1e1a3ecccdd3ee7318ca790113b806fe9317a2c2d046a6d8120,24,23,15,15,1.917,0.375,0
"5.10.0",Facility,7,True,"",e3659f1bcbcdbf50357b89289a5a926eb7b224cdf485c398ebd6adfe7596fe06,24,23,15,15,1.917,0.333,0
"5.10.0",Facility,8,True,"",3914bfb84d24f0005a14982fe35b9046a3f48dbaec2bcd308d0af77ff2061ea3,24,23,15,16,1.917,0.375,0
"5.10.0",Facility,9,True,"",54749d5ff2253b62ed0499007ee6877ea6b561c68e0e9c8827ba44dd01dc1f0c,24,23,15,15,1.917,0.333,0
"5.10.0",Facility,10,True,"",39c6e1d32355ee651696b31e1e742e0f8bdf5e99cbe5ce864f7ce44bcaa1f52c,24,23,15,17,1.917,0.250,0
"5.10.0",Facility,11,True,"",aa90c377c72bac8068bb884e24409db7b9f36a8502ffeb454c8b85d723248c97,24,23,15,17,1.917,0.333,0
"5.10.0",Facility,12,True,"",17b909b8d75aa27e9284c4ad300b7ffffddc5e1a6c8baf35aacf227a0c6f85bf,24,23,15,15,1.917,0.333,0
"5.10.0",Facility,13,True,"",e28b1c671cdb2f6baee80a015e4cc1554b4cb291d17ee6407ed958faf00fee14,24,23,15,15,1.917,0.417,0
"5.10.0",Facility,14,True,"",a0c62d0055aa71f99f2265ab4762a4dbb16f9f82154210bcedeec9c3769f4f74,24,23,15,15,1.917,0.375,0
"5.10.0",Facility,15,True,"",63fb226519d02abcfe4eff2f5bacd941d50bb040c522f762d4cec403d2d7e402,24,23,15,16,1.917,0.333,0
"5.10.0",Facility,16,True,"",b9fd2ac3896e8d0ce5a324bb799ec79df542ef907b56f24ee73b5c8abad5e584,24,23,15,15,1.917,0.375,0
"5.10.0",Facility,17,True,"",6f233faf7edafc04e2215dc94db7c7448878b8f9daff3a47a791f023a399a722,24,23,15,17,1.917,0.250,0
"5.10.0",Facility,18,True,"",f2028910f2a1c3f78ff4d90b68e94858f272efa138bb53f3042b1837653cacc5,24,23,15,15,1.917,0.375,0
"5.10.0",Facility,19,True,"",f6a0e6dc1e84dd66aa730223f2674c31cf7b21c94f1ae6e21fec949ce374c832,24,23,15,16,1.917,0.333,0
"5.10.0",Facility,20,True,"",167f9693bd96a3650b9b51b1097face57dbe54877b27766915268788ea6af6d2,24,23,15,15,1.917,0.333,0
"5.10.0",Facility,21,True,"",501232b71117441b33ec09ec6990c38a692a01761ecb6dd31b5f836ad85dd221,24,23,15,15,1.917,0.333,0
"5.10.0",Facility,22,True,"",63f0ef0e4d5497606e9b187ba85f14c532857e0cbd5732707bfab2b1d5e2ad42,24,23,15,15,1.917,0.333,0
"5.10.0",Facility,23,True,"",fed3e82a6e583e727295ba99df4c94fb8262d3d62eda9367fd2c32d2d74c0b29,24,23,15,15,1.917,0.292,0
"5.10.0",Facility,24,True,"",5cd815eada6a987e6dec8361a43cac4c869812f86a7fbad4d7a0bc659677f977,24,23,15,15,1.917,0.375,0
"5.10.0",Facility,25,True,"",f1267d66744670cc366433daea199768dd77bbce486e924ea45918ada8c2608c,24,23,15,15,1.917,0.333,0
"5.10.0",Facility,26,True,"",3d4e885854c458794e4aad1fca54af70aaae65c50a2acd7e1d1b6361b8449ef7,24,23,15,15,1.917,0.292,0
"5.10.0",Facility,27,True,"",38aacb801a95577335710a7e1dbe48323cb4b96165dec3d205329a4aef07fedb,24,23,15,15,1.917,0.375,0
"5.10.0",Facility,28,True,"",531cdc8529690eec40aa86819c3d37af94ec3ea13f3449836e4379847bf2777c,24,23,15,16,1.917,0.292,0
"5.10.0",Facility,29,True,"",0d8b7b732fc94c7ad5bdae32ef20eb1b32fb4058a0e616ee13b9aed7476c0adf,24,23,15,15,1.917,0.417,0
"5.10.0",Facility,30,True,"",e3f3c14f074f4bae9a27c8d9f96d9cebbcac94290ea8dc1b33c30900af8d90f1,24,23,15,15,1.917,0.375,0
"5.10.0",Subway,1,True,"",689b4f786557cdd4f0b04d204232f1afab427f9323960b31ff1d0452972c125a,24,23,7,10,1.917,0.333,0
"5.10.0",Subway,2,True,"",08be61b14166f2c835c0865388e61548e88abf71620aafb92db9c9a402bb144b,24,23,7,10,1.917,0.292,0
"5.10.0",Subway,3,True,"",cd3c32667ae5208ed94a7c3ea91c21ed26ed9aeff6d024531d7a2da4541aa3cd,24,23,7,12,1.917,0.292,0
"5.10.0",Subway,4,True,"",54a0bb1d62a9b972027483378d525fdd9172ff97e7967835d16f54c7ab1d90b4,24,23,7,10,1.917,0.292,0
"5.10.0",Subway,5,True,"",8dd3aa35529f7051d1e231ab22ca912596e8f209b94e26107ea9563634eff3ae,24,23,7,10,1.917,0.333,0
"5.10.0",Subway,6,True,"",cab38a78fae4e585139054920a390d8ef4faf2924fa9f86f8c8e096320316e0c,24,23,7,10,1.917,0.292,0
"5.10.0",Subway,7,True,"",213c344d93f986c1a0c1ab4e19d45b62b76c0a88463c5d4ead430dbc10dc7696,24,23,7,11,1.917,0.292,0
"5.10.0",Subway,8,True,"",d0696445c0cd1c16fea02beb034476b5d9000767572b19aac70d025add52aa70,24,23,7,10,1.917,0.292,0
"5.10.0",Subway,9,True,"",e9db755bf3a4249f1563d8b08c950d76223fe3edd4b123b8fd86b8196eaf55e4,24,23,7,11,1.917,0.292,0
"5.10.0",Subway,10,True,"",4144eb7e7ebfd3e7b17f460ea8ae865f03dd56d54f6c3f5955484d5d1ffe621f,24,23,7,10,1.917,0.292,0
"5.10.0",Subway,11,True,"",0f8983c8df135259db4de238e36d8c755ecc6e4a8b5a1dd7227ab2d7655f87ed,24,23,7,10,1.917,0.292,0
"5.10.0",Subway,12,True,"",4a470b23c24890ae08c6a54e5fcf4024d183ff2d4365ea1e42f6113625c83314,24,23,7,11,1.917,0.292,0
"5.10.0",Subway,13,True,"",09187459a492a1fbffabb6d192ca51e335a8a08f60cf271339dfca14cf7d9c51,24,23,7,10,1.917,0.292,0
"5.10.0",Subway,14,True,"",d63cd208eef7377d54a21e2a239b845b0ebbac005b3938a039470857861e345b,24,23,7,11,1.917,0.292,0
"5.10.0",Subway,15,True,"",ef0082554506b09896aef7feadf4079e60b2e18163ce519d3497460900ef0a3e,24,23,7,12,1.917,0.292,0
"5.10.0",Subway,16,True,"",b15837d93290d8b904b2895729c4636011e061dfe59aa86abfe66fbb6defdc46,24,23,7,10,1.917,0.292,0
"5.10.0",Subway,17,True,"",a349606083f76adfe71ec8050fd3c6238890452aac7f8e985442f828b801ae54,24,23,7,10,1.917,0.292,0
"5.10.0",Subway,18,True,"",b99a20c8a8849f946007cbfc094fd0cc6c9963b78b0b5d8237f3730e7caaa0bf,24,23,7,10,1.917,0.292,0
"5.10.0",Subway,19,True,"",42df831718fdf7266fc650848fca2cac98ea50ef64db690cd730823fe1983d74,24,23,7,11,1.917,0.292,0
"5.10.0",Subway,20,True,"",a6c9e1cd4f812e226959bfabd5865c6b9099b869fd89883fb55ad8b5c95e9097,24,23,7,11,1.917,0.292,0
"5.10.0",Subway,21,True,"",b8fe59c9bb7989e4a33f42ecd57d2d4592b4fcbafca5ac9cd2484256e5f2e3af,24,23,7,10,1.917,0.333,0
"5.10.0",Subway,22,True,"",7f01b1bed99138b5b1e132fe4ac6513f5d877dbbecce610048feb21016730ad9,24,23,7,12,1.917,0.292,0
"5.10.0",Subway,23,True,"",bf8ee5c30e6017f3a8d7314db9ca527d20f23ff5d5a1b5b1770aee00f4acd857,24,23,7,10,1.917,0.292,0
"5.10.0",Subway,24,True,"",a3403a678220e76e13002186287e00b6237d3d9fd40d917fe4bdbb6af40bd972,24,23,7,10,1.917,0.292,0
"5.10.0",Subway,25,True,"",c09689fcb1ef9f02e6fcda0a5c76ac819788f3fb5f89cc3e31ac5db8dc8baf7b,24,23,7,10,1.917,0.292,0
"5.10.0",Subway,26,True,"",f59fec3324e7354b758a98e39f8429d703863b1f9daf7c5c418049b7c8a9ec5f,24,23,7,10,1.917,0.292,0
"5.10.0",Subway,27,True,"",15229845a12bc3c7d710ca7e35259dd42e8965937817348418d516b7466bfa00,24,23,7,10,1.917,0.292,0
"5.10.0",Subway,28,True,"",119c5e88dd7cd64a93c252521329029bd5f3b57d871c6e829c894394ff398de2,24,23,7,11,1.917,0.292,0
"5.10.0",Subway,29,True,"",8e23145521917212ac21b8a4e703839216272a8d63bfaa28d3528200cd53f2aa,24,23,7,12,1.917,0.292,0
"5.10.0",Subway,30,True,"",6199b8eccedb2a9853666d46f4ea0d9f0ed242302b5ffcd248917b5d4ef9c6e6,24,23,7,10,1.917,0.292,0
"5.10.0",Temple,1,True,"",33e67a580b171fb2d480732a99e4b6b1780cca3e280c26047ecd81e47589a017,24,23,15,15,1.917,0.250,0
"5.10.0",Temple,2,True,"",83383a6ac26f4cdfc33b58f1d066305786d971c458d76f77c34e211465ac09cf,24,23,15,15,1.917,0.250,0
"5.10.0",Temple,3,True,"",ef6c5b6182fbfa726839a11332f4f22a2279d15202000bf3f098a740b71f0ed1,24,23,15,15,1.917,0.250,0
"5.10.0",Temple,4,True,"",4ee389fcd52399ed3659a725023545c70a5a86632e5ea0e8cd71f94fbae033bd,24,23,15,15,1.917,0.250,0
"5.10.0",Temple,5,True,"",863a2ccdc318bce79cdfe28b8166245ab82ddd8b2550b9d2aaa24f0ee8d7cd96,24,23,15,15,1.917,0.250,0
"5.10.0",Temple,6,True,"",2d0ca45132fc262769e94e301ebc841c021d43c60e32a3e299179219deaefc51,24,23,15,15,1.917,0.250,0
"5.10.0",Temple,7,True,"",11df8a3ee46ee613597de1490d01337a327be9f2616d3ff572f37f1f13ecf9ea,24,23,15,15,1.917,0.250,0
"5.10.0",Temple,8,True,"",f4d9e51f109376c5525c31bbfdac08550eee227e51e9c9fceac4a00afbaad601,24,23,15,15,1.917,0.250,0
"5.10.0",Temple,9,True,"",34e6b6dcf3e35f357c4d1590fe41af617f50521c90e3834c2ed22310f5680f45,24,23,15,15,1.917,0.250,0
"5.10.0",Temple,10,True,"",f143d13257ed19ba704e6b430363c0b136a5fde2c128e083a01324169b35ba2c,24,23,15,15,1.917,0.250,0
"5.10.0",Temple,11,True,"",b23264cdc7ece0ea91c2df0235215ee29f58491aabd0e14877da345974aed3db,24,23,15,15,1.917,0.250,0
"5.10.0",Temple,12,True,"",c6b204e2d9104f3bd8dd17044dd7f2b4be8cdf60dfdd30a374faaae8e56d563d,24,23,15,15,1.917,0.250,0
"5.10.0",Temple,13,True,"",3a9a3f0c8b5fe28cca288f9b12def04a8d61de6030371b653d65a8aded4eb6d4,24,23,15,15,1.917,0.250,0
"5.10.0",Temple,14,True,"",c11f2b36009500a28ead5c71d60c856944d8c2258ce61b771f8dd433bec3f3ae,24,23,15,15,1.917,0.250,0
"5.10.0",Temple,15,True,"",c4f4fa420384d5a23d46ebb4d7c63bce59404b2c41d209f953aa2456363316d6,24,23,15,15,1.917,0.250,0
"5.10.0",Temple,16,True,"",6d28ab6a96967e0bb50177190a0818bb93bdfcd06ad84f7cc105082f391d3803,24,23,15,15,1.917,0.250,0
"5.10.0",Temple,17,True,"",37f860c368e55793254e53dea3861e8d6d19053f0e998436b19b20fb8cca2b8c,24,23,15,15,1.917,0.250,0
"5.10.0",Temple,18,True,"",eb3c19b06d68986f5493449e196d3df48aaf8fe2503eb295c3fba13a74698bca,24,23,15,15,1.917,0.250,0
"5.10.0",Temple,19,True,"",3e645d5b736ab5224be2e4b67634adce15fc86b988febb62d16a5036d3df8fa1,24,23,15,15,1.917,0.250,0
"5.10.0",Temple,20,True,"",9643c8501a103f31718ed60d44740235f6d0d256d35a4762e80d2c88dc3a1374,24,23,15,15,1.917,0.250,0
"5.10.0",Temple,21,True,"",fd02019559a2ef68073d055d2e34cdd0b21d8bfa399f63349962ef7bc6632405,24,23,15,15,1.917,0.250,0
"5.10.0",Temple,22,True,"",d0f2ace1c7d582bdb792f30086cd05a57487e0703285c1abae6d9b0595fcac1a,24,23,15,15,1.917,0.250,0
"5.10.0",Temple,23,True,"",5dcf698a8ac2f254a1ad6565695a8193eca981bc8a838ab69078182de35ef0b6,24,23,15,15,1.917,0.250,0
"5.10.0",Temple,24,True,"",706f1cfd94de1d80e04e0e017581ac501bfa3755ad49879eeecd312779194b79,24,23,15,15,1.917,0.250,0
"5.10.0",Temple,25,True,"",c8e772f3a1bff02a0a21ebbc3cc4d79f2b520683d056b89c330eb60d886c4a5d,24,23,15,15,1.917,0.250,0
"5.10.0",Temple,26,True,"",f0b36382a9305f36e782d6490ebcc8c35c0ca4465cb9e796ce730b5430560242,24,23,15,15,1.917,0.250,0
"5.10.0",Temple,27,True,"",bac1207040e1b9672b68c0fce3fdb054a5af25521f9c4d1085521cf3f86a628c,24,23,15,15,1.917,0.250,0
"5.10.0",Temple,28,True,"",5cd388ab8b91c86abe9dcf1836c2419f2ad89d4a89082160c10107458b80e153,24,23,15,15,1.917,0.250,0
"5.10.0",Temple,29,True,"",d96a1e99d2fbc17e680f06ee4a4360ba7a8daef879714ce9bc576b969ec90f87,24,23,15,15,1.917,0.250,0
"5.10.0",Temple,30,True,"",d4bd307cbb717c9dea2632127e046fb0148a1439451ed629ed756360a2e43d66,24,23,15,15,1.917,0.250,0
"5.10.0",TempleReference,1,True,"",aebbde5451ef5f70eebad86cdf5f2a309729f0adba15351eae9fa97fab5c17ac,30,32,10,12,2.133,0.100,3
"5.10.0",TempleReference,2,True,"",0df66cb47e161211fb6afffbc610fa066641bfb44c2b0ca8cfc62acb6fb998cf,30,32,10,12,2.133,0.100,3
"5.10.0",TempleReference,3,True,"",d527b08f06248224cc6474f5d0c4079a14d4051012c1b4ab23cff9b5d28ca085,30,32,10,12,2.133,0.100,3
"5.10.0",TempleReference,4,True,"",902bcdbd83a4ced7cf4589a1861c3eedca43cfec95d6fe1d9ce07ca7361de764,30,32,10,12,2.133,0.100,3
"5.10.0",TempleReference,5,True,"",a44cc8deac482b4331b85013d518ce66d708c81b582a1d9c3d4c5b365b4c5d47,30,32,10,12,2.133,0.100,3
"5.10.0",TempleReference,6,True,"",4facd033714a40ada1d744af58bde868c15f1b8e97dd1b348d3307093c278689,30,32,10,12,2.133,0.100,3
"5.10.0",TempleReference,7,True,"",edaa7ce4ca0686a4898364a70290454f33a632e23c8e072bf4189548fb5d00d6,30,32,10,12,2.133,0.100,3
"5.10.0",TempleReference,8,True,"",8e5c3e048cf71bee3e09dab78c01dad5e8b36826bde5c81051da4e7e3653c279,30,32,10,12,2.133,0.100,3
"5.10.0",TempleReference,9,True,"",193d5f1bbeb439b2f8b1e33c11d774fab68f05ea449e74260a8479794240e9e3,30,32,10,12,2.133,0.100,3
"5.10.0",TempleReference,10,True,"",151a0c1c9e44f933279f939c553f8ccc9170a0a04dc7806d6329ac958eb7cf9d,30,32,10,12,2.133,0.100,3
"5.10.0",TempleReference,11,True,"",c9876155783884c567a0699617d88d8972ec7479f2aac12133d7b89774e01714,30,32,10,12,2.133,0.100,3
"5.10.0",TempleReference,12,True,"",160bfcb1014e2a4e677aa66935a975045198e3585b214afbb02966ee305b66ec,30,32,10,12,2.133,0.100,3
"5.10.0",TempleReference,13,True,"",bfd2980b088786167880ad962cf24bd541c6f96cf888a7db78f6845793926235,30,32,10,12,2.133,0.100,3
"5.10.0",TempleReference,14,True,"",3471555f1c22e3ab86dce363b06e4f6196494a619187cb6941f34f873200500a,30,32,10,12,2.133,0.100,3
"5.10.0",TempleReference,15,True,"",e372cda9840035fbfd30da16fbe28b0828e797fb78272f8576c78408faf6b861,30,32,10,12,2.133,0.100,3
"5.10.0",TempleReference,16,True,"",76efee00c94d1fd34e1ec3ae6f86b005db9ef370768adbe00df55463816ca121,30,32,10,12,2.133,0.100,3
"5.10.0",TempleReference,17,True,"",de0632cefd1f1fa4fa352000a2d281f9b5cbeafe2efdad0321fe34a716ed300e,30,32,10,12,2.133,0.100,3
"5.10.0",TempleReference,18,True,"",861d71dbcb9c0b6fb9fa83fae21b7cf122924b21158c27b961bc33799537269b,30,32,10,12,2.133,0.100,3
"5.10.0",TempleReference,19,True,"",758bc91911afdf992077b9554d87821443c89d170617cd585c011ad23bc49809,30,32,10,12,2.133,0.100,3
"5.10.0",TempleReference,20,True,"",d821596f33df2787f58265c6becdb6672ecdaa5c1b57f40e74a7f80adc84ba3e,30,32,10,12,2.133,0.100,3
"5.10.0",TempleReference,21,True,"",d7b1d77c13aef293ac09554b9c591a2284dc65de89d89e2c48bcf406e8d79327,30,32,10,12,2.133,0.100,3
"5.10.0",TempleReference,22,True,"",a3030453596c2bd8ed2e4841208f558859d8c39dc0f7849f74f7b9f2581238d2,30,32,10,12,2.133,0.100,3
"5.10.0",TempleReference,23,True,"",5edb9afc56ccf99dcf0abba0950cc4f817e1cabc3c8b0e10643c6e2319b5694a,30,32,10,12,2.133,0.100,3
"5.10.0",TempleReference,24,True,"",34f146b34ead49a235023fd9095420ea146f6dd07741d2434d2da1e38fe58cac,30,32,10,12,2.133,0.100,3
"5.10.0",TempleReference,25,True,"",6fdb5124c553e623b796aaf44370e653a0df101dd71c43d1cfec0cd45393f616,30,32,10,12,2.133,0.100,3
"5.10.0",TempleReference,26,True,"",35d3b7f6eaff81568565ba54ba755e7849905140e4f3709305107f2d570b16d5,30,32,10,12,2.133,0.100,3
"5.10.0",TempleReference,27,True,"",17ae3426a0633c3110fe8f3c0d815b8c1041fa8ab196736aae6bb1ab3cc7adbf,30,32,10,12,2.133,0.100,3
"5.10.0",TempleReference,28,True,"",f778808ec1e675644b67072684ea8cf283573f0ce6a82f85d82eb4831ce35efc,30,32,10,12,2.133,0.100,3
"5.10.0",TempleReference,29,True,"",75002a917bb968c201c68c76b9e6b3797915c3d75152ea18d1fda09b91919cf5,30,32,10,12,2.133,0.100,3
"5.10.0",TempleReference,30,True,"",7bbfe6b49a6fdccacc9989a40534c46b4e170ebd7180e17c77f4b415fa1ee5b4,30,32,10,12,2.133,0.100,3
"5.10.0",Raid,1,True,"",6a41c581c70f6e552fd0687a2512c3af0c3c1a5ef95f026b98d0bdc8e47c4fd5,24,23,15,16,1.917,0.333,0
"5.10.0",Raid,2,True,"",3565ab8d911f5f195664ff69a0a5dfcdd06ac2a084dc47b1cfeeb585e4b8960c,24,23,15,16,1.917,0.250,0
"5.10.0",Raid,3,True,"",d230c3748a5148e0264ec0c7ed207d9bf720abf2b8024cc656f592d53e70f4c7,24,23,15,15,1.917,0.375,0
"5.10.0",Raid,4,True,"",e6c2f23e204a65bcf11d328bfc97758f9cda04b37e99dbe3a6c949eaed17ecc6,24,23,15,15,1.917,0.375,0
"5.10.0",Raid,5,True,"",bd412b127c34c1343cb7f1c268f11af9941e3c3229fb0cd287f10eb43ce4985a,24,23,15,16,1.917,0.292,0
"5.10.0",Raid,6,True,"",becb2327e9d9ea2cc277af352f3b3ce5fe64b7fde6abc6cdeb206fcdf45bad4a,24,23,15,15,1.917,0.375,0
"5.10.0",Raid,7,True,"",133aec12218315e785849401fdadcd0019f563382b898c81bba33f572dc52827,24,23,15,15,1.917,0.333,0
"5.10.0",Raid,8,True,"",1d42188e97bc977c2959dd12ad72092b69c72f363bbd527dacef4b0f6a82d35f,24,23,15,16,1.917,0.375,0
"5.10.0",Raid,9,True,"",4f9ff806237976a81e383e7ebb47f90dc4d975abfd78e6e86b6d19138dc89974,24,23,15,15,1.917,0.333,0
"5.10.0",Raid,10,True,"",85f5d811b37d8e5f78db885380c3f792b42e329e8a7c795f2268b206571cad90,24,23,15,17,1.917,0.250,0
"5.10.0",Raid,11,True,"",fc978f9860d9b309ffe298a0582a9a7712841feeea286121cecb5b869d03c731,24,23,15,17,1.917,0.333,0
"5.10.0",Raid,12,True,"",3763c8bd529903577aa67da845e3b6df82723f8942f4917e00b3f97b4d61d220,24,23,15,15,1.917,0.333,0
"5.10.0",Raid,13,True,"",b6cfc1e13f87eb64cd65be7b8c662c8f4dccde67f4f44b5ab8ef5f83c46f8eaf,24,23,15,15,1.917,0.417,0
"5.10.0",Raid,14,True,"",02f46189b060e1f7f291292b1cad50682773277d94301e63ee22b80a53a50a93,24,23,15,15,1.917,0.375,0
"5.10.0",Raid,15,True,"",7601c88e11f1aa9dbc03250a8a4b75142ed04fdc2475b5880cb79e96882379c8,24,23,15,16,1.917,0.333,0
"5.10.0",Raid,16,True,"",b47df4665c842c0828bdda4d70308d69d72f7f475b0f3c9d00b4fadb2bfc7831,24,23,15,15,1.917,0.375,0
"5.10.0",Raid,17,True,"",4880aa69c22ac3b6ea89f54ae68f394b6f30c567d2547a36341c5f98e089b667,24,23,15,17,1.917,0.250,0
"5.10.0",Raid,18,True,"",0190130c0cc052f0de44980e7132afbd038fc96890a1b987bd2004072920b5ef,24,23,15,15,1.917,0.375,0
"5.10.0",Raid,19,True,"",fd166fcbedbb36bc3db5a6eaf9220afe856b840936f75155a747db5f6f21ebea,24,23,15,16,1.917,0.333,0
"5.10.0",Raid,20,True,"",eb611fb2705f22eadb2f3931fbb8fad38ac2fa38dbca34579162c26a619ccdca,24,23,15,15,1.917,0.333,0
"5.10.0",Raid,21,True,"",26db9f488bb2b2e56da93d3dc33ffce1f4fe86e72e1d013ddd87567e76bea662,24,23,15,15,1.917,0.333,0
"5.10.0",Raid,22,True,"",a1d9e2e421abde8a68a3824346bdafa02ab4b89690e91ffc7414814c201e3f65,24,23,15,15,1.917,0.333,0
"5.10.0",Raid,23,True,"",006cb4a6abbaa79f0fb2521b983bebefe47dc7dff2efae6896c525d3321899e8,24,23,15,15,1.917,0.292,0
"5.10.0",Raid,24,True,"",8cb74ba1fa716cb9b039e5a88ca4ae0f5eb53a449e5d13bec253ed9eebf0d77c,24,23,15,15,1.917,0.375,0
"5.10.0",Raid,25,True,"",7440c8254c2c20ea837ee2401ebe167770c9975dd8e045a886ae29bfcaa485b7,24,23,15,15,1.917,0.333,0
"5.10.0",Raid,26,True,"",25f482a602461bbb13deae7e9c03f27b3b4951ad8338fd3e3d2cad073a2845b6,24,23,15,15,1.917,0.292,0
"5.10.0",Raid,27,True,"",a4535702b46bccf54342deece1fe89eacbe3374a7e6a498b8897fc9165bbcfcf,24,23,15,15,1.917,0.375,0
"5.10.0",Raid,28,True,"",6f129bb9f843ac6305b3f833e4f3bd0e9122b3759a4dece62177522ee5b162ee,24,23,15,16,1.917,0.292,0
"5.10.0",Raid,29,True,"",563db69e7367d84880413426e61d981b008450848fd2c732241084aad12593e0,24,23,15,15,1.917,0.417,0
"5.10.0",Raid,30,True,"",1cf52ff650b6967034273d08fca3d282581dfb5a498e8fca9095ebf8307a6bc5,24,23,15,15,1.917,0.375,0
"5.10.0",GroupDungeon,1,True,"",59ccf3fcb2ba03c21c178236beea5ee508a775071e82a485931d20c3e049cdb9,24,23,11,13,1.917,0.250,0
"5.10.0",GroupDungeon,2,True,"",f7bdede13d7b4d680fe3b9f0ca85cbd2034d16cf76d23755c884c4f46425191a,24,23,11,13,1.917,0.250,0
"5.10.0",GroupDungeon,3,True,"",d950fe350c73c9749201313329962258b8b404f8200cee373e835a083f9b19ec,24,23,11,13,1.917,0.250,0
"5.10.0",GroupDungeon,4,True,"",c875dbdc3c8160ce44ae754eb1a9b6b20c4a952632f967579475b91016e9bfd5,24,23,11,13,1.917,0.250,0
"5.10.0",GroupDungeon,5,True,"",f8f30231051a2aea1b0538c61b33010bc492a8c56a3886b795abf0a83c32c602,24,23,11,13,1.917,0.250,0
"5.10.0",GroupDungeon,6,True,"",aea9fb6b9a685e1ee04f4b709af61734557a1424a5539c20a1e05946d3001ac8,24,23,11,13,1.917,0.250,0
"5.10.0",GroupDungeon,7,True,"",c5e8f051a5c060e9540a8ab8a058aaeb549b1127a728024c0b1de22e397490bb,24,23,11,13,1.917,0.250,0
"5.10.0",GroupDungeon,8,True,"",cb480efc30eb82dec6654f226b4ae84633150473d95cc4ae455f2789767602f6,24,23,11,13,1.917,0.250,0
"5.10.0",GroupDungeon,9,True,"",376238df2e1867f390fa0626d1dbc74e1507fa1d6a3c39c534f000893577410d,24,23,11,13,1.917,0.250,0
"5.10.0",GroupDungeon,10,True,"",3a3fea25a9312af32bb6dc12204c8ba73fc44de5fb81142b1e4c8f3ab3e21a13,24,23,11,13,1.917,0.250,0
"5.10.0",GroupDungeon,11,True,"",09b8cb061f92b69b4cba14118fce209ad8967f36deeda242c3185c38af9004e8,24,23,11,13,1.917,0.250,0
"5.10.0",GroupDungeon,12,True,"",57b52b4f6669207fea2d2c74e4a3fd02910da74442369f400bc282a8a4b4a39f,24,23,11,13,1.917,0.250,0
"5.10.0",GroupDungeon,13,True,"",6da7fd3c3013c6f98bcdfc59f88e68e5a18fcb0fc4c904acf00760bec3c2449a,24,23,11,13,1.917,0.250,0
"5.10.0",GroupDungeon,14,True,"",8a876a3712265391d65d9638133e36b8faaf7579dc7bb2205a0e2f0cd7db018d,24,23,11,13,1.917,0.250,0
"5.10.0",GroupDungeon,15,True,"",5be40228311be589fe28c2ec9c7185367aa3170cec1bdc6f51e0c157f5387d6a,24,23,11,13,1.917,0.250,0
"5.10.0",GroupDungeon,16,True,"",6d712043fde5188a12d215f64a3b28fbba1c2a8d09a4432566a39cd448cf5736,24,23,11,13,1.917,0.250,0
"5.10.0",GroupDungeon,17,True,"",1962a4fb2fe9fb5933a28b522b1401b094936a1fa69f749564e93f3e5d5ea2eb,24,23,11,13,1.917,0.250,0
"5.10.0",GroupDungeon,18,True,"",91d25d68476672129ba07e7e93797065c0d05a216e8ca8727f7a265cc8719ecc,24,23,11,13,1.917,0.250,0
"5.10.0",GroupDungeon,19,True,"",dda38562b5afdd4ecec939bc9ef631fc5888c9dc3f2afa781c594061d8e9490f,24,23,11,13,1.917,0.250,0
"5.10.0",GroupDungeon,20,True,"",b3ff23d43b9a7e658e67c56804ea5fe80faaa4a73d83a50a261f19038db64a18,24,23,11,13,1.917,0.250,0
"5.10.0",GroupDungeon,21,True,"",e429fe9151a15081521f71ffe9296966157e629b97f1320749221001d69ed4c2,24,23,11,13,1.917,0.250,0
"5.10.0",GroupDungeon,22,True,"",9eca530c65268f9d4884a62f1cccca1a05cb2a9c338c4482bf993eee15e6b5b7,24,23,11,13,1.917,0.250,0
"5.10.0",GroupDungeon,23,True,"",84d9ddb71110bbccdc929248f5da8ddc3ad9df26b6e974af0ccec0f55f1bca43,24,23,11,13,1.917,0.250,0
"5.10.0",GroupDungeon,24,True,"",1cb0a648893fff0930fe166e9a2c4949d465931994ca7ddd4ab362d3a6d1d2bc,24,23,11,13,1.917,0.250,0
"5.10.0",GroupDungeon,25,True,"",9370a5e2d846d8176682e20fdc06dc8bca6727059c6aa981e599ea820e06c17e,24,23,11,13,1.917,0.250,0
"5.10.0",GroupDungeon,26,True,"",8fad8bb879159fbfdb0b386d52e61a9ff6a97b1f17bd024a51bb6c7d8c4890a2,24,23,11,13,1.917,0.250,0
"5.10.0",GroupDungeon,27,True,"",f5584cc2ed383db66ef180cf6ee5a2a803970c7de7f39c695fb4ab4194c1c307,24,23,11,13,1.917,0.250,0
"5.10.0",GroupDungeon,28,True,"",4b4a90eaa6e2221218b8a2daca08e52fe15d1dcf4fdc7fe224139771f48ea3d4,24,23,11,13,1.917,0.250,0
"5.10.0",GroupDungeon,29,True,"",181572a7a1bc49806d62abd66ca32dd35ae5fd75c69839911c5e95348a8bd6dd,24,23,11,13,1.917,0.250,0
"5.10.0",GroupDungeon,30,True,"",3c46dd899ec7f83e130bc363f28333f68f71d08204362fc1a447d00199930fd9,24,23,11,13,1.917,0.250,0
"5.10.0",CaveDungeon,1,True,"",7664fca861a66058534a3e204521a4b41ffaae432bb8a7670994fe9f7d108f83,24,23,11,13,1.917,0.250,0
"5.10.0",CaveDungeon,2,True,"",0b1d5a5c32cd1ad9665cb11909c4cc8a325893eb8ef97e6d319eb53b901b8736,24,23,11,13,1.917,0.250,0
"5.10.0",CaveDungeon,3,True,"",2d7a47aab91909d82f8e01e61e24c5fb50aedd64f25074d4943587e878549412,24,23,11,13,1.917,0.250,0
"5.10.0",CaveDungeon,4,True,"",9318252e25c5cde927022af538888a85716cd561f8f4da58cf6edb65138497df,24,23,11,13,1.917,0.250,0
"5.10.0",CaveDungeon,5,True,"",2ad2232d860609c644b8f27ccb4619cee1248649ccf8d4b72d21d9fbe93d1223,24,23,11,13,1.917,0.250,0
"5.10.0",CaveDungeon,6,True,"",a30b4f5b882116d059df0f36c4703c9f5c140bde96c28e7eb3de5dac4fc19d7c,24,23,11,13,1.917,0.250,0
"5.10.0",CaveDungeon,7,True,"",694fa6fb3250199375912dea397c34c7d677a0f806d59239767c3725979aa2fc,24,23,11,13,1.917,0.250,0
"5.10.0",CaveDungeon,8,True,"",ae67661c75e2d9752066a97c1403da499fd64ab0a2df7d720b3ba7ce6208c3ac,24,23,11,13,1.917,0.250,0
"5.10.0",CaveDungeon,9,True,"",0debdf76a1162478602e2737cbadaac4d10de6713829366fbcb808903efc1e41,24,23,11,13,1.917,0.250,0
"5.10.0",CaveDungeon,10,True,"",293046427c222f3a2aea3c4c4f7055f4b749df46bfb850a61f7956e32b0d7700,24,23,11,13,1.917,0.250,0
"5.10.0",CaveDungeon,11,True,"",4d85c0ccc39e4c3e1f3c5e2d3a83ef60c8c15973d9a95896495fb7f5f75c93a6,24,23,11,13,1.917,0.250,0
"5.10.0",CaveDungeon,12,True,"",65dc3427a3d052876ac58e08fbebe050f910bff7f14ec2dd77452ac80b5b8854,24,23,11,13,1.917,0.250,0
"5.10.0",CaveDungeon,13,True,"",56901b2e12c7fe76a9c68dcb06d9f16e2135f0e697b109d82394104d32e31181,24,23,11,13,1.917,0.250,0
"5.10.0",CaveDungeon,14,True,"",7fe5227db1af321e88ff16ffad05011395b818265decccce3af92743872c98c4,24,23,11,13,1.917,0.250,0
"5.10.0",CaveDungeon,15,True,"",57874667aa97fcdf79b9be3325606cc11160471c8922f993c6b9ae00da7d9261,24,23,11,13,1.917,0.250,0
"5.10.0",CaveDungeon,16,True,"",7f8d870f7db986747f8bc563048cb295f876735d1b816628673963053a2d2397,24,23,11,13,1.917,0.250,0
"5.10.0",CaveDungeon,17,True,"",d738289fc4ee04bcae69160a515d9069fbb4df6e337ff20d3421a6bb016322b0,24,23,11,13,1.917,0.250,0
"5.10.0",CaveDungeon,18,True,"",b4a460726512f979f02a594c07df3d2a7dc62bbf6ab9e9fe19196b695e950e24,24,23,11,13,1.917,0.250,0
"5.10.0",CaveDungeon,19,True,"",f7d375573d853672d75c76c4201d1b365bd755cadf677ad68fb283ff884d19c3,24,23,11,13,1.917,0.250,0
"5.10.0",CaveDungeon,20,True,"",d60069bb29c7cf424560967fe926fcd79ae29dd988526137d38d50c51d4ec911,24,23,11,13,1.917,0.250,0
"5.10.0",CaveDungeon,21,True,"",cc114c885c07a8b3bfa4e16b8a50413ae211f14488bb07192ddd15a582ec6c26,24,23,11,13,1.917,0.250,0
"5.10.0",CaveDungeon,22,True,"",a5ef8c3391e6fac15e98d833169485f1a6b595f71c80fc286e3fbf4b466504b2,24,23,11,13,1.917,0.250,0
"5.10.0",CaveDungeon,23,True,"",3df6c448a2699017feb3c9b63f6808429353dbc27f097019b13ccdc1ad4d3697,24,23,11,13,1.917,0.250,0
"5.10.0",CaveDungeon,24,True,"",4417da9d9899b4239e51d29e030d0b396c910593c98e5aac95e51b8ed04b030f,24,23,11,13,1.917,0.250,0
"5.10.0",CaveDungeon,25,True,"",ecdb5448ff5aeb66ef73fcbd560607ad607beb28033577167453e964b04304e8,24,23,11,13,1.917,0.250,0
"5.10.0",CaveDungeon,26,True,"",3d11cff516346cfec04be33b7175d0e907778d4cf962afc56770d3dc7ed53d44,24,23,11,13,1.917,0.250,0
"5.10.0",CaveDungeon,27,True,"",530950391303870cf7e2dfd71a4b2a187bce82193f61ea3b24064884bc3661b3,24,23,11,13,1.917,0.250,0
"5.10.0",CaveDungeon,28,True,"",d3e902d4cbdb9d904efdbfbd7d33ddee82f39e03f53e9e71d8496233e836993d,24,23,11,13,1.917,0.250,0
"5.10.0",CaveDungeon,29,True,"",4a6696ea694029c8b7ee4541bc6f98e9cac44277e73b928baf5a990fa9ed7407,24,23,11,13,1.917,0.250,0
"5.10.0",CaveDungeon,30,True,"",229572d565e1b21e22ddf0e79b6aa739d648a84bbf9c7df2c5c0349201608399,24,23,11,13,1.917,0.250,0
